[
  {
    "name": "Alabama",
    "notion_url": "notion-pages/adap/states/alabama.html",
    "flag_url": "https://upload.wikimedia.org/wikipedia/commons/5/5c/Flag_of_Alabama.svg"
  },
  {
    "name": "Alaska",
    "notion_url": "notion-pages/adap/states/alaska.html",
    "flag_url": "https://upload.wikimedia.org/wikipedia/commons/e/e6/Flag_of_Alaska.svg"
  },
  {
    "name": "American Samoa",
    "notion_url": "notion-pages/adap/states/american-samoa.html",
    "flag_url": "https://upload.wikimedia.org/wikipedia/commons/8/87/Flag_of_American_Samoa.svg"
  },
  {
    "name": "Arizona",
    "notion_url": "notion-pages/adap/states/arizona.html",
    "flag_url": "https://upload.wikimedia.org/wikipedia/commons/9/9d/Flag_of_Arizona.svg"
  },
  {
    "name": "Arkansas",
    "notion_url": "notion-pages/adap/states/arkansas.html",
    "flag_url": "https://upload.wikimedia.org/wikipedia/commons/9/9d/Flag_of_Arkansas.svg"
  },
  {
    "name": "California",
    "notion_url": "notion-pages/adap/states/california.html",
    "flag_url": "https://upload.wikimedia.org/wikipedia/commons/0/01/Flag_of_California.svg"
  },
  {
    "name": "Colorado",
    "notion_url": "notion-pages/adap/states/colorado.html",
    "flag_url": "https://upload.wikimedia.org/wikipedia/commons/4/46/Flag_of_Colorado.svg"
  },
  {
    "name": "Connecticut",
    "notion_url": "notion-pages/adap/states/connecticut.html",
    "flag_url": "https://upload.wikimedia.org/wikipedia/commons/9/96/Flag_of_Connecticut.svg"
  },
  {
    "name": "Delaware",
    "notion_url": "notion-pages/adap/states/delaware.html",
    "flag_url": "https://upload.wikimedia.org/wikipedia/commons/c/c6/Flag_of_Delaware.svg"
  },
  {
    "name": "District of Columbia (Washington DC)",
    "notion_url": "notion-pages/adap/district-of-columbia-washington-dc.html",
    "flag_url": "https://upload.wikimedia.org/wikipedia/commons/0/03/Flag_of_Washington%2C_D.C.svg"
  },
  {
    "name": "Federated States of Micronesia",
    "notion_url": "notion-pages/adap/states/federated-states-of-micronesia.html",
    "flag_url": "https://upload.wikimedia.org/wikipedia/commons/e/e4/Flag_of_the_Federated_States_of_Micronesia.svg"
  },
  {
    "name": "Florida",
    "notion_url": "notion-pages/adap/states/florida.html",
    "flag_url": "https://upload.wikimedia.org/wikipedia/commons/f/f7/Flag_of_Florida.svg"
  },
  {
    "name": "Georgia",
    "notion_url": "notion-pages/adap/states/georgia.html",
    "flag_url": "https://upload.wikimedia.org/wikipedia/commons/0/0f/Flag_of_Georgia.svg"
  },
  {
    "name": "Guam",
    "notion_url": "notion-pages/adap/states/guam.html",
    "flag_url": "https://upload.wikimedia.org/wikipedia/commons/0/07/Flag_of_Guam.svg"
  },
  {
    "name": "Hawaii",
    "notion_url": "notion-pages/adap/states/hawaii.html",
    "flag_url": "https://upload.wikimedia.org/wikipedia/commons/e/ef/Flag_of_Hawaii.svg"
  },
  {
    "name": "Idaho",
    "notion_url": "notion-pages/adap/states/idaho.html",
    "flag_url": "https://upload.wikimedia.org/wikipedia/commons/a/a4/Flag_of_Idaho.svg"
  },
  {
    "name": "Illinois",
    "notion_url": "notion-pages/adap/states/illinois.html",
    "flag_url": "https://upload.wikimedia.org/wikipedia/commons/0/01/Flag_of_Illinois.svg"
  },
  {
    "name": "Indiana",
    "notion_url": "notion-pages/adap/states/indiana.html",
    "flag_url": "https://upload.wikimedia.org/wikipedia/commons/a/ac/Flag_of_Indiana.svg"
  },
  {
    "name": "Iowa",
    "notion_url": "notion-pages/adap/states/iowa.html",
    "flag_url": "https://upload.wikimedia.org/wikipedia/commons/a/aa/Flag_of_Iowa.svg"
  },
  {
    "name": "Kansas",
    "notion_url": "notion-pages/adap/states/kansas.html",
    "flag_url": "https://upload.wikimedia.org/wikipedia/commons/d/da/Flag_of_Kansas.svg"
  },
  {
    "name": "Kentucky",
    "notion_url": "notion-pages/adap/states/kentucky.html",
    "flag_url": "https://upload.wikimedia.org/wikipedia/commons/8/8d/Flag_of_Kentucky.svg"
  },
  {
    "name": "Louisiana",
    "notion_url": "notion-pages/adap/states/louisiana.html",
    "flag_url": "https://upload.wikimedia.org/wikipedia/commons/e/e0/Flag_of_Louisiana.svg"
  },
  {
    "name": "Maine",
    "notion_url": "notion-pages/adap/states/maine.html",
    "flag_url": "https://upload.wikimedia.org/wikipedia/commons/3/35/Flag_of_Maine.svg"
  },
  {
    "name": "Marshall Islands",
    "notion_url": "notion-pages/adap/states/marshall-islands.html",
    "flag_url": "https://upload.wikimedia.org/wikipedia/commons/2/2e/Flag_of_the_Marshall_Islands.svg"
  },
  {
    "name": "Maryland",
    "notion_url": "notion-pages/adap/states/maryland.html",
    "flag_url": "https://upload.wikimedia.org/wikipedia/commons/a/a0/Flag_of_Maryland.svg"
  },
  {
    "name": "Massachussets",
    "notion_url": "notion-pages/adap/massachussets.html",
    "flag_url": "https://upload.wikimedia.org/wikipedia/commons/f/f2/Flag_of_Massachusetts.svg"
  },
  {
    "name": "Michigan",
    "notion_url": "notion-pages/adap/states/michigan.html",
    "flag_url": "https://upload.wikimedia.org/wikipedia/commons/b/b5/Flag_of_Michigan.svg"
  },
  {
    "name": "Minnesota",
    "notion_url": "notion-pages/adap/states/minnesota.html",
    "flag_url": "https://upload.wikimedia.org/wikipedia/commons/b/b9/Flag_of_Minnesota.svg"
  },
  {
    "name": "Mississippi",
    "notion_url": "notion-pages/adap/states/mississippi.html",
    "flag_url": "https://upload.wikimedia.org/wikipedia/commons/4/42/Flag_of_Mississippi.svg"
  },
  {
    "name": "Missouri",
    "notion_url": "notion-pages/adap/states/missouri.html",
    "flag_url": "https://upload.wikimedia.org/wikipedia/commons/5/5a/Flag_of_Missouri.svg"
  },
  {
    "name": "Montana",
    "notion_url": "notion-pages/adap/states/montana.html",
    "flag_url": "https://upload.wikimedia.org/wikipedia/commons/c/cb/Flag_of_Montana.svg"
  },
  {
    "name": "Nebraska",
    "notion_url": "notion-pages/adap/states/nebraska.html",
    "flag_url": "https://upload.wikimedia.org/wikipedia/commons/4/4d/Flag_of_Nebraska.svg"
  },
  {
    "name": "Nevada",
    "notion_url": "notion-pages/adap/states/nevada.html",
    "flag_url": "https://upload.wikimedia.org/wikipedia/commons/f/f1/Flag_of_Nevada.svg"
  },
  {
    "name": "New Hampshire",
    "notion_url": "notion-pages/adap/states/new-hampshire.html",
    "flag_url": "https://upload.wikimedia.org/wikipedia/commons/2/28/Flag_of_New_Hampshire.svg"
  },
  {
    "name": "New Jersey",
    "notion_url": "notion-pages/adap/states/new-jersey.html",
    "flag_url": "https://upload.wikimedia.org/wikipedia/commons/9/92/Flag_of_New_Jersey.svg"
  },
  {
    "name": "New Mexico",
    "notion_url": "notion-pages/adap/states/new-mexico.html",
    "flag_url": "https://upload.wikimedia.org/wikipedia/commons/c/c3/Flag_of_New_Mexico.svg"
  },
  {
    "name": "New York",
    "notion_url": "notion-pages/adap/states/new-york.html",
    "flag_url": "https://upload.wikimedia.org/wikipedia/commons/1/1a/Flag_of_New_York.svg"
  },
  {
    "name": "North Carolina",
    "notion_url": "notion-pages/adap/states/north-carolina.html",
    "flag_url": "https://upload.wikimedia.org/wikipedia/commons/b/bb/Flag_of_North_Carolina.svg"
  },
  {
    "name": "North Dakota",
    "notion_url": "notion-pages/adap/states/north-dakota.html",
    "flag_url": "https://upload.wikimedia.org/wikipedia/commons/e/ee/Flag_of_North_Dakota.svg"
  },
  {
    "name": "Northern Mariana Islands",
    "notion_url": "notion-pages/adap/states/northern-mariana-islands.html",
    "flag_url": "https://upload.wikimedia.org/wikipedia/commons/e/e0/Flag_of_the_Northern_Mariana_Islands.svg"
  },
  {
    "name": "Ohio",
    "notion_url": "notion-pages/adap/states/ohio.html",
    "flag_url": "https://upload.wikimedia.org/wikipedia/commons/4/4c/Flag_of_Ohio.svg"
  },
  {
    "name": "Oklahoma",
    "notion_url": "notion-pages/adap/states/oklahoma.html",
    "flag_url": "https://upload.wikimedia.org/wikipedia/commons/6/6e/Flag_of_Oklahoma.svg"
  },
  {
    "name": "Oregon",
    "notion_url": "notion-pages/adap/states/oregon.html",
    "flag_url": "https://upload.wikimedia.org/wikipedia/commons/b/b9/Flag_of_Oregon.svg"
  },
  {
    "name": "Palau",
    "notion_url": "notion-pages/adap/states/palau.html",
    "flag_url": "https://upload.wikimedia.org/wikipedia/commons/4/48/Flag_of_Palau.svg"
  },
  {
    "name": "Pennsylvania",
    "notion_url": "notion-pages/adap/states/pennsylvania.html",
    "flag_url": "https://upload.wikimedia.org/wikipedia/commons/f/f7/Flag_of_Pennsylvania.svg"
  },
  {
    "name": "Puerto Rico",
    "notion_url": "notion-pages/adap/states/puerto-rico.html",
    "flag_url": "https://upload.wikimedia.org/wikipedia/commons/2/28/Flag_of_Puerto_Rico.svg"
  },
  {
    "name": "Rhode Island",
    "notion_url": "notion-pages/adap/states/rhode-island.html",
    "flag_url": "https://upload.wikimedia.org/wikipedia/commons/f/f3/Flag_of_Rhode_Island.svg"
  },
  {
    "name": "South Carolina",
    "notion_url": "notion-pages/adap/states/south-carolina.html",
    "flag_url": "https://upload.wikimedia.org/wikipedia/commons/6/69/Flag_of_South_Carolina.svg"
  },
  {
    "name": "South Dakota",
    "notion_url": "notion-pages/adap/states/south-dakota.html",
    "flag_url": "https://upload.wikimedia.org/wikipedia/commons/1/1a/Flag_of_South_Dakota.svg"
  },
  {
    "name": "Tennessee",
    "notion_url": "notion-pages/adap/states/tennessee.html",
    "flag_url": "https://upload.wikimedia.org/wikipedia/commons/9/9e/Flag_of_Tennessee.svg"
  },
  {
    "name": "Texas",
    "notion_url": "notion-pages/adap/states/texas.html",
    "flag_url": "https://upload.wikimedia.org/wikipedia/commons/f/f7/Flag_of_Texas.svg"
  },
  {
    "name": "US Virgin Islands",
    "notion_url": "notion-pages/adap/us-virgin-islands.html",
    "flag_url": "https://upload.wikimedia.org/wikipedia/commons/f/f8/Flag_of_the_United_States_Virgin_Islands.svg"
  },
  {
    "name": "Utah",
    "notion_url": "notion-pages/adap/states/utah.html",
    "flag_url": "https://upload.wikimedia.org/wikipedia/commons/f/f6/Flag_of_Utah.svg"
  },
  {
    "name": "Vermont",
    "notion_url": "notion-pages/adap/states/vermont.html",
    "flag_url": "https://upload.wikimedia.org/wikipedia/commons/4/49/Flag_of_Vermont.svg"
  },
  {
    "name": "Virginia",
    "notion_url": "notion-pages/adap/states/virginia.html",
    "flag_url": "https://upload.wikimedia.org/wikipedia/commons/4/47/Flag_of_Virginia.svg"
  },
  {
    "name": "Washington",
    "notion_url": "notion-pages/adap/states/washington.html",
    "flag_url": "https://upload.wikimedia.org/wikipedia/commons/5/54/Flag_of_Washington.svg"
  },
  {
    "name": "West Virginia",
    "notion_url": "notion-pages/adap/states/west-virginia.html",
    "flag_url": "https://upload.wikimedia.org/wikipedia/commons/2/22/Flag_of_West_Virginia.svg"
  },
  {
    "name": "Wisconsin",
    "notion_url": "notion-pages/adap/states/wisconsin.html",
    "flag_url": "https://upload.wikimedia.org/wikipedia/commons/2/22/Flag_of_Wisconsin.svg"
  },
  {
    "name": "Wyoming",
    "notion_url": "notion-pages/adap/states/wyoming.html",
    "flag_url": "https://upload.wikimedia.org/wikipedia/commons/b/bc/Flag_of_Wyoming.svg"
  }
]